"regional","regra"
12002,"(inc_3 > 16.7 & temp_min_1 > 23.6 & temp_max_3 > 32.2) | (inc_3 > 16.7 & temp_min_1 > 23.6 & temp_max_3 <= 32.2) | (inc_3 > 16.7 & temp_min_1 <= 23.6 & umid_min_2 > 63.4) | (inc_3 <= 16.7 & inc_3 > 0 & umid_min_1 > 57)"
12001,"(inc_3 > 32.1 & temp_max_1 > 32.3) | (inc_3 <= 32.1 & umid_min_3 > 87.9)"
12003,"(umid_min_3 > 87.9 & umid_min_3 <= 88.9) | (umid_min_3 > 87.9 & umid_min_3 > 88.9 & umid_min_1 <= 57.8) | (umid_min_3 <= 87.9 & inc_3 > 16.3)"
27010,"(inc_3 > 10.6) | (inc_3 <= 10.6 & inc_3 > 0)"
27005,"(inc_3 > 5.7 & umid_max_1 > 96) | (inc_3 > 5.7 & umid_max_1 <= 96)"
27007,"(inc_3 > 23.6) | (inc_3 <= 23.6 & inc_3 > 0 & temp_min_1 > 23.7)"
27001,"(inc_3 > 0 & temp_max_1 > 29 & umid_max_3 > 91) | (inc_3 > 0 & temp_max_1 > 29 & umid_max_3 <= 91)"
27008,"(inc_3 > 0 & umid_max_3 > 85.9)"
27003,"(inc_3 > 43.1) | (inc_3 <= 43.1 & inc_3 > 1.5 & temp_max_1 > 30)"
27009,"(inc_3 > 52.5) | (inc_3 <= 52.5 & inc_3 > 8.6)"
27006,"(inc_3 > 1.7)"
27002,"(inc_3 > 11.9 & temp_min_1 > 24.4) | (inc_3 > 11.9 & temp_min_1 <= 24.4)"
13008,"(inc_3 > 0)"
13009,"(inc_3 > 2.5)"
13002,"(inc_3 > 7.5)"
13003,"(inc_3 > 12)"
13001,"(inc_3 > 0.1)"
13006,"(inc_3 > 25.3) | (inc_3 <= 25.3 & inc_3 > 6.4)"
13007,"(inc_3 > 11.2 & temp_max_1 <= 30.1) | (inc_3 <= 11.2 & umid_min_2 > 88.8)"
16001,"(temp_min_1 > 23.7 & umid_max_3 <= 69.6) | (temp_min_1 <= 23.7)"
16002,"(inc_3 > 0)"
16003,"(inc_3 > 30.9)"
29023,"(inc_3 > 34.8 & temp_max_3 <= 21.2) | (inc_3 > 34.8 & temp_max_3 > 21.2) | (inc_3 <= 34.8 & inc_3 > 2.3)"
29017,"(inc_3 > 46.4) | (inc_3 <= 46.4 & inc_3 > 0 & umid_max_1 > 93.1) | (inc_3 <= 46.4 & inc_3 > 0 & umid_max_1 <= 93.1)"
29019,"(inc_3 > 7.7)"
29025,"(inc_3 <= 7.2 & inc_3 > 0 & temp_min_1 > 26.3) | (inc_3 > 7.2 & temp_min_1 > 24.5 & umid_min_3 > 61.1) | (inc_3 > 7.2 & temp_min_1 > 24.5 & umid_min_3 <= 61.1)"
29003,"(inc_3 > 44.6) | (inc_3 <= 44.6 & inc_3 > 0 & temp_min_3 > 19.6)"
29015,"(inc_3 > 16.3 & temp_max_3 > 34) | (inc_3 > 16.3 & temp_max_3 <= 34 & temp_max_3 > 29.8) | (inc_3 <= 16.3 & inc_3 > 0 & temp_max_3 > 31.7) | (inc_3 > 16.3 & temp_max_3 <= 34 & temp_max_3 <= 29.8)"
29026,"(inc_3 > 39.6) | (inc_3 <= 39.6 & inc_3 > 2.4 & temp_min_1 > 26.4)"
29012,"(inc_3 > 18.6 & temp_max_1 > 29.9) | (inc_3 > 18.6 & temp_max_1 <= 29.9 & temp_max_2 > 28.7) | (inc_3 <= 18.6 & inc_3 > 0 & temp_max_1 > 29.9)"
29006,"(temp_max_2 > 29.3 & umid_max_1 <= 87.6)"
29010,"(inc_3 <= 7.6 & umid_max_1 > 94.8 & temp_max_1 > 31.3) | (inc_3 > 7.6 & temp_max_3 > 31.3) | (inc_3 > 7.6 & temp_max_3 <= 31.3 & umid_max_2 > 81)"
29028,"(inc_3 > 0.3 & temp_min_1 > 27.5) | (inc_3 > 0.3 & temp_min_1 <= 27.5)"
29011,"(inc_3 > 21.7) | (inc_3 <= 21.7 & inc_3 > 0)"
29024,"(inc_3 > 10)"
29002,"(inc_3 > 22.2 & umid_min_3 > 52) | (inc_3 <= 22.2 & inc_3 > 3.2 & umid_min_1 > 68.1)"
29009,"(inc_3 > 16.3 & temp_max_2 > 30.3) | (inc_3 > 16.3 & temp_max_2 <= 30.3 & temp_max_1 > 28.1)"
29008,"(inc_3 > 11.1)"
29018,"(temp_min_1 > 27.4 & umid_max_3 > 93.5) | (temp_min_1 > 27.4 & umid_max_3 <= 93.5 & umid_max_2 > 93.5) | (temp_min_1 <= 27.4 & temp_min_3 <= 26.2 & inc_3 > 46.3)"
29021,"(inc_3 > 5)"
29013,"(temp_min_1 > 26.4 & umid_min_3 > 81.9 & temp_min_1 > 27.6) | (temp_min_1 <= 26.4 & inc_3 > 5.3 & temp_min_3 > 27.8) | (temp_min_1 > 26.4 & umid_min_3 <= 81.9 & umid_min_2 > 79.9) | (temp_min_1 > 26.4 & umid_min_3 > 81.9 & temp_min_1 <= 27.6)"
29007,"(inc_3 > 8.1)"
29014,"(inc_3 > 17.1 & temp_min_2 <= 25.2 & umid_min_3 > 73.8) | (inc_3 > 17.1 & temp_min_2 > 25.2)"
29004,"(inc_3 <= 3.8 & inc_3 > 0 & temp_min_1 > 25.6) | (inc_3 > 3.8)"
29016,"(inc_3 > 12.2 & temp_max_1 > 35.4) | (inc_3 > 12.2 & temp_max_1 <= 35.4) | (inc_3 <= 12.2 & inc_3 <= 2.4 & temp_min_2 > 28.7)"
29020,"(temp_max_1 > 28.8 & inc_3 > 0)"
23019,"(umid_max_1 > 96.6 & temp_min_2 <= 23.4) | (umid_max_1 <= 96.6 & umid_max_1 > 82.6 & temp_max_3 > 33.9)"
23003,"(inc_3 > 7.6 & temp_min_3 <= 27.9 & umid_min_2 > 71.5) | (inc_3 > 7.6 & temp_min_3 > 27.9 & umid_max_3 > 73.9) | (inc_3 <= 7.6 & inc_3 > 0 & umid_min_1 > 69.6) | (inc_3 > 7.6 & temp_min_3 > 27.9 & umid_max_3 <= 73.9) | (inc_3 > 7.6 & temp_min_3 <= 27.9 & umid_min_2 <= 71.5)"
23012,"(inc_3 > 9.2)"
23018,"(inc_3 <= 22.3 & inc_3 > 1 & umid_min_1 > 70.2) | (inc_3 > 22.3)"
23014,"(umid_max_3 <= 93.3 & temp_max_2 > 38.7) | (umid_max_3 <= 93.3 & temp_max_2 <= 38.7 & inc_3 > 15.2) | (umid_max_3 > 93.3)"
23011,"(inc_3 > 10.8 & umid_min_1 > 43.9 & umid_max_1 > 90.9) | (inc_3 <= 10.8 & inc_3 > 0 & umid_min_1 > 65.2) | (inc_3 > 10.8 & umid_min_1 <= 43.9 & umid_min_2 > 33.6)"
23020,"(inc_3 > 15.5 & umid_max_1 > 96.6) | (inc_3 > 15.5 & umid_max_1 <= 96.6 & temp_min_1 > 28) | (inc_3 <= 15.5 & inc_3 > 0 & umid_max_2 > 95.1) | (inc_3 > 15.5 & umid_max_1 <= 96.6 & temp_min_1 <= 28)"
23010,"(inc_3 > 26.7 & umid_max_1 > 88) | (inc_3 > 26.7 & umid_max_1 <= 88)"
23006,"(inc_3 > 0 & umid_max_2 > 82.7 & temp_min_2 > 26.1)"
23002,"(inc_3 > 7.7 & temp_min_1 > 27.7 & umid_max_1 > 78.7) | (inc_3 > 7.7 & temp_min_1 > 27.7 & umid_max_1 <= 78.7) | (inc_3 > 7.7 & temp_min_1 <= 27.7 & umid_max_1 > 84.6)"
23001,"(temp_min_2 > 26.2 & umid_max_3 > 71.9 & inc_3 > 5.6)"
23007,"(inc_3 > 17.3)"
23004,"(inc_3 > 183.6) | (inc_3 <= 183.6 & umid_max_1 > 92.6)"
23015,"(inc_3 > 9.1 & umid_min_2 <= 61.7 & temp_max_3 <= 24.9) | (inc_3 > 9.1 & umid_min_2 > 61.7) | (inc_3 > 9.1 & umid_min_2 <= 61.7 & temp_max_3 > 24.9)"
23017,"(inc_3 > 27.9)"
23008,"(umid_max_3 > 78.2 & inc_3 > 1.1 & umid_min_1 > 54.7) | (umid_max_3 <= 78.2 & inc_3 > 39.3)"
23021,"(umid_max_2 <= 93.4 & inc_3 > 3.7 & temp_max_3 > 33.1) | (umid_max_2 > 93.4)"
23016,"(inc_3 > 3.1 & umid_min_1 > 80) | (inc_3 > 3.1 & umid_min_1 <= 80)"
23022,"(umid_max_1 > 80.3 & inc_3 > 5.6 & umid_min_1 > 66) | (umid_max_1 > 80.3 & inc_3 > 5.6 & umid_min_1 <= 66)"
23005,"(inc_3 > 1.8 & umid_max_1 > 88.9) | (inc_3 > 1.8 & umid_max_1 <= 88.9)"
23013,"(inc_3 > 15.9)"
23009,"(umid_max_3 > 99.1) | (umid_max_3 <= 99.1 & inc_3 > 11.3 & umid_max_2 > 81.2)"
53001,"(umid_max_3 > 88.9 & inc_3 > 4.3 & temp_min_1 > 16.9)"
32002,"(inc_3 > 9.2 & temp_min_1 > 23.9 & temp_max_1 > 30.1) | (inc_3 > 9.2 & temp_min_1 <= 23.9 & temp_min_2 > 21.2) | (inc_3 > 9.2 & temp_min_1 > 23.9 & temp_max_1 <= 30.1) | (inc_3 <= 9.2 & inc_3 > 0 & temp_min_3 > 22.3) | (temp_max_3 > 29.4 & inc_3 > 8.8 & temp_min_3 > 23)"
32001,"(inc_3 > 24.2) | (inc_3 <= 24.2 & inc_3 > 7.7 & temp_min_3 > 21.8) | (inc_3 > 0 & temp_min_1 > 19.3 & temp_max_2 > 27.6) | (inc_3 <= 0 & temp_min_3 > 20.9 & umid_min_1 <= 31.4) | (umid_min_3 > 79 & temp_max_1 <= 30.2) | (umid_min_3 <= 79 & inc_3 > 34.6)"
32003,"(inc_3 > 0 & temp_min_1 > 22) | (temp_min_3 > 21.2 & inc_3 > 5)"
32004,"(inc_3 > 18 & temp_min_1 > 23.9 & umid_min_2 <= 66) | (inc_3 > 18 & temp_min_1 <= 23.9 & temp_min_2 > 21.3) | (inc_3 <= 18 & inc_3 > 3.4 & temp_min_3 > 24.6) | (inc_3 > 18 & temp_min_1 > 23.9 & umid_min_2 > 66) | (inc_3 > 55.8 & temp_min_1 > 19.9) | (inc_3 <= 55.8 & temp_min_3 > 19.9 & inc_3 > 5.8)"
52001,"(inc_3 > 25.8 & temp_min_1 <= 18.4 & temp_min_2 > 20.3) | (inc_3 > 25.8 & temp_min_1 > 18.4 & temp_max_2 > 28.6) | (inc_3 > 25.8 & temp_min_1 > 18.4 & temp_max_2 <= 28.6) | (inc_3 <= 25.8 & inc_3 > 0 & temp_min_1 > 19.9)"
52011,"(temp_min_3 > 19.9 & inc_3 > 0 & umid_max_1 > 74.2)"
52015,"(inc_3 > 87.6 & umid_min_3 > 45.1) | (inc_3 <= 87.6 & inc_3 > 3.4 & temp_min_1 > 19.2)"
52010,"(inc_3 > 17.8 & temp_min_2 > 17.1)"
52003,"(umid_max_3 > 93.1 & inc_3 > 12.2 & temp_min_1 > 17.6) | (umid_max_3 > 93.1 & inc_3 <= 12.2 & inc_3 > 4.1)"
52017,"(umid_max_1 > 96.1)"
52004,"(inc_3 > 7.6 & temp_min_3 > 18.6) | (inc_3 > 7.6 & temp_min_3 <= 18.6)"
52014,"(inc_3 > 45.6)"
52007,"(inc_3 > 35.6 & temp_max_1 > 29.3 & umid_max_3 > 86) | (inc_3 > 35.6 & temp_max_1 <= 29.3 & umid_max_1 > 89.6) | (inc_3 <= 35.6 & inc_3 > 2.7 & temp_min_1 > 17.6)"
52012,"(inc_3 > 0 & temp_min_1 > 19.9 & temp_max_2 > 27.1) | (inc_3 > 0 & temp_min_1 <= 19.9 & temp_min_1 > 18) | (inc_3 <= 23.3 & inc_3 > 4.5 & temp_max_3 > 33.9) | (inc_3 > 23.3 & temp_min_1 <= 19.7 & umid_max_1 > 98) | (inc_3 > 23.3 & temp_min_1 > 19.7)"
52005,"(inc_3 > 50.9 & umid_max_1 > 83.6 & temp_min_1 > 19.9)"
52002,"(temp_min_3 > 17.8 & inc_3 > 32.4) | (temp_min_3 > 17.8 & inc_3 <= 32.4 & inc_3 > 1.4)"
52016,"(inc_3 > 20.9)"
52018,"(inc_3 <= 57.9 & temp_min_3 > 20.9 & umid_min_1 <= 35.9) | (inc_3 > 57.9)"
52006,"(inc_3 > 2 & temp_max_2 <= 30.9) | (inc_3 > 2 & temp_max_2 > 30.9)"
52013,"(inc_3 > 0.8 & umid_min_2 > 59.1)"
21005,"(umid_max_3 > 90.2 & temp_max_3 > 25.9 & inc_3 > 21.5) | (umid_max_3 <= 90.2 & temp_min_3 <= 20.2 & inc_3 > 294.2) | (umid_max_3 <= 90.2 & temp_min_3 > 20.2 & umid_max_3 > 84.4)"
21016,"(temp_min_1 > 20.3 & inc_3 > 38.9 & temp_max_2 > 29.1) | (temp_min_1 > 20.3 & inc_3 > 38.9 & temp_max_2 <= 29.1) | (temp_min_1 > 20.3 & inc_3 <= 38.9 & inc_3 > 4) | (temp_min_1 <= 20.3 & temp_max_3 > 26.6 & umid_max_1 > 97)"
31074,"(inc_3 > 52.6 & temp_max_1 > 28.9) | (inc_3 > 52.6 & temp_max_1 <= 28.9 & temp_max_1 > 25.7) | (inc_3 <= 52.6 & inc_3 > 5.1 & temp_max_2 > 28.7) | (inc_3 <= 52.6 & inc_3 > 5.1 & temp_max_2 <= 28.7) | (inc_3 > 52.6 & temp_max_1 <= 28.9 & temp_max_1 <= 25.7)"
31024,"(temp_max_3 <= 26.3 & inc_3 <= 1.1 & temp_min_1 > 23.3) | (temp_max_3 > 26.3)"
31059,"(inc_3 > 19.8)"
31037,"(inc_3 > 0 & temp_min_1 <= 18.6 & inc_3 > 501.5) | (inc_3 > 0 & temp_min_1 > 18.6)"
31081,"(inc_3 > 1.8)"
31072,"(inc_3 > 31.8) | (inc_3 <= 31.8 & temp_max_1 > 31)"
31089,"(inc_3 <= 59.9 & inc_3 > 4 & temp_min_1 > 22.5) | (inc_3 > 59.9) | (inc_3 <= 59.9 & inc_3 <= 4 & temp_min_2 > 23)"
31068,"(inc_3 > 2.8 & temp_max_1 > 28.9) | (inc_3 > 2.8 & temp_max_1 <= 28.9)"
31040,"(inc_3 > 52.7 & temp_max_1 > 26.4) | (inc_3 <= 52.7 & inc_3 > 6.9)"
31041,"(inc_3 > 0 & temp_min_3 > 16)"
31001,"(inc_3 > 40.1 & temp_max_3 > 25.7)"
31036,"(inc_3 > 25.5 & temp_min_1 > 17) | (inc_3 <= 25.5 & inc_3 > 0 & temp_min_3 > 18.3)"
31092,"(temp_min_3 > 15.3 & umid_max_3 <= 93.1 & inc_3 > 1.1) | (temp_min_3 > 15.3 & umid_max_3 > 93.1 & temp_max_3 > 23.7)"
31099,"(inc_3 > 6.6) | (inc_3 <= 6.6 & inc_3 > 1.8)"
31035,"(inc_3 <= 21.8 & temp_min_3 > 21.9 & temp_min_3 > 23) | (inc_3 > 21.8 & temp_min_1 > 17.1) | (inc_3 <= 21.8 & temp_min_3 > 21.9 & temp_min_3 <= 23)"
31045,"(umid_max_1 > 91.7 & temp_max_2 > 27)"
31064,"(inc_3 > 25.2 & temp_min_1 > 17)"
31075,"(inc_3 > 0.8 & temp_min_1 <= 16.6 & temp_min_2 > 17.9) | (inc_3 > 0.8 & temp_min_1 > 16.6)"
31082,"(inc_3 > 61.5 & temp_min_1 > 18.5) | (inc_3 <= 61.5 & inc_3 > 8.4 & temp_min_3 > 19) | (inc_3 > 61.5 & temp_min_1 <= 18.5)"
31086,"(inc_3 > 22.8 & temp_min_3 > 17.5) | (inc_3 <= 22.8 & temp_max_3 > 31.8)"
31070,"(temp_max_3 > 26.6 & inc_3 > 7.4) | (temp_max_3 <= 26.6 & inc_3 > 190) | (temp_max_3 <= 26.6 & inc_3 <= 190 & temp_min_2 > 20.9) | (temp_max_3 > 26.6 & inc_3 <= 7.4 & temp_max_1 > 31.6)"
31002,"(temp_max_1 > 26.2 & inc_3 > 5.7)"
31087,"(inc_3 > 6.5 & temp_max_1 > 29.9) | (inc_3 > 6.5 & temp_max_1 <= 29.9 & temp_max_2 > 28.2) | (inc_3 <= 6.5 & umid_max_3 > 98)"
31044,"(inc_3 > 72.8 & temp_min_1 > 17.4) | (inc_3 > 72.8 & temp_min_1 <= 17.4 & temp_min_2 > 17.1) | (inc_3 <= 72.8 & inc_3 > 8 & temp_min_1 > 17.9)"
31027,"(inc_3 > 13.2 & temp_min_1 <= 19.8 & temp_min_3 > 21.6) | (inc_3 > 13.2 & temp_min_1 > 19.8)"
31058,"(temp_max_1 > 27.5 & temp_min_3 <= 19.5 & inc_3 > 26.1) | (temp_max_1 > 27.5 & temp_min_3 > 19.5)"
31019,"(inc_3 > 9.9 & temp_min_2 > 20.3) | (inc_3 <= 9.9 & inc_3 > 0)"
31030,"(inc_3 > 11.5 & temp_max_2 > 27.3)"
31021,"(inc_3 > 0.3 & temp_min_1 > 16.3)"
31023,"(temp_min_3 > 19.6 & inc_3 > 1.5 & temp_max_2 > 28.1) | (temp_min_3 > 19.6 & inc_3 > 1.5 & temp_max_2 <= 28.1)"
31097,"(inc_3 > 29.5 & temp_max_2 > 27.3) | (inc_3 > 29.5 & temp_max_2 <= 27.3 & umid_max_2 > 88.9) | (inc_3 <= 29.5 & inc_3 > 0 & temp_max_1 > 28.3)"
31016,"(inc_3 > 9.9 & umid_min_2 > 73.4) | (inc_3 > 9.9 & umid_min_2 <= 73.4)"
31017,"(inc_3 > 40.1)"
31011,"(inc_3 > 31.4 & temp_min_1 > 16.9) | (inc_3 <= 31.4 & inc_3 > 7.4 & temp_min_1 > 16.7)"
31083,"(inc_3 > 32.8)"
31028,"(inc_3 > 20.5)"
31053,"(inc_3 > 132 & umid_max_3 > 87.3) | (inc_3 <= 132 & inc_3 > 33.5 & temp_min_2 > 19.1) | (inc_3 > 132 & umid_max_3 <= 87.3)"
31051,"(inc_3 > 15.5)"
31077,"(inc_3 > 2.3 & temp_min_1 > 16.9) | (inc_3 > 2.3 & temp_min_1 <= 16.9 & temp_min_3 > 16.3)"
31049,"(inc_3 > 15.9)"
31048,"(umid_max_3 > 83.9 & temp_max_1 > 26.9 & umid_min_1 > 36.3) | (umid_max_3 <= 83.9 & temp_max_2 > 28.6 & umid_min_1 > 47.3)"
31055,"(inc_3 > 8.2 & temp_min_1 > 17.8) | (inc_3 > 8.2 & temp_min_1 <= 17.8)"
31073,"(inc_3 > 80.4)"
31010,"(inc_3 > 82.4 & temp_max_2 > 28) | (inc_3 > 82.4 & temp_max_2 <= 28) | (inc_3 <= 82.4 & inc_3 > 14.5)"
31096,"(inc_3 > 49.1 & temp_min_1 > 17.8) | (inc_3 <= 49.1 & inc_3 > 23.1)"
31091,"(inc_3 > 11.5)"
31093,"(inc_3 > 56.2 & temp_max_1 > 29.1) | (inc_3 <= 56.2 & inc_3 > 10.2 & temp_max_2 > 28.5) | (inc_3 > 56.2 & temp_max_1 <= 29.1)"
31066,"(inc_3 > 260.3 & temp_max_1 > 27.6) | (inc_3 > 260.3 & temp_max_1 <= 27.6 & temp_max_2 > 27.3) | (inc_3 <= 260.3 & inc_3 > 23.3 & temp_min_1 > 18.6)"
31088,"(inc_3 > 75.4 & temp_min_1 > 15.7) | (inc_3 <= 75.4 & inc_3 > 4.8)"
31071,"(inc_3 <= 32.8 & inc_3 > 2.6 & temp_min_3 > 26.6) | (inc_3 > 32.8)"
31004,"(inc_3 > 63.9) | (inc_3 <= 63.9 & inc_3 > 3.6)"
31052,"(inc_3 > 0.2 & umid_max_3 > 86.8) | (inc_3 > 0.2 & umid_max_3 <= 86.8)"
31038,"(inc_3 > 28.5)"
31084,"(inc_3 > 1.1 & temp_min_2 > 16.9) | (inc_3 > 1.1 & temp_min_2 <= 16.9 & temp_min_3 > 17.3)"
31065,"(inc_3 > 33.5 & temp_max_1 > 27.3) | (inc_3 > 33.5 & temp_max_1 <= 27.3 & temp_max_3 > 28) | (inc_3 <= 33.5 & inc_3 > 6.9 & temp_max_2 > 27.1)"
31032,"(temp_min_3 > 19.9 & inc_3 > 3 & temp_max_1 > 28) | (temp_min_3 > 19.9 & inc_3 > 3 & temp_max_1 <= 28)"
31025,"(inc_3 > 7.5)"
31018,"(inc_3 > 2.9 & temp_min_1 > 16.9)"
31050,"(inc_3 > 70 & temp_min_3 > 17.7) | (inc_3 <= 70 & inc_3 > 0.7 & temp_min_1 > 18.1) | (inc_3 > 70 & temp_min_3 <= 17.7)"
31012,"(inc_3 > 7.2)"
31057,"(inc_3 > 7.6 & temp_max_3 > 30.6) | (inc_3 > 7.6 & temp_max_3 <= 30.6)"
31098,"(inc_3 > 35.5 & temp_max_3 > 26.3) | (inc_3 <= 35.5 & inc_3 > 7.4) | (inc_3 > 35.5 & temp_max_3 <= 26.3)"
31022,"(inc_3 > 29.5 & temp_min_1 > 19) | (inc_3 > 29.5 & temp_min_1 <= 19)"
31031,"(inc_3 > 76.8)"
31009,"(temp_min_1 > 22.8 & umid_max_1 > 76.6) | (temp_min_1 <= 22.8 & inc_3 > 13.8 & temp_min_1 > 20.3) | (temp_min_1 > 22.8 & umid_max_1 <= 76.6 & umid_max_3 > 65.7)"
31076,"(inc_3 > 10.2 & temp_min_1 > 19.9 & umid_max_3 > 76.5) | (inc_3 > 10.2 & temp_min_1 <= 19.9 & temp_min_2 > 20.6)"
50004,"(inc_3 > 22.9 & temp_min_1 > 18.8 & umid_max_3 > 78.5) | (inc_3 > 22.9 & temp_min_1 <= 18.8 & temp_min_3 > 21.7) | (inc_3 <= 22.9 & inc_3 > 3.5 & temp_min_3 > 20.3)"
50001,"(temp_min_2 > 23.6 & inc_3 > 32.1)"
50003,"(temp_min_3 > 21.9 & umid_min_3 > 44.5)"
50002,"(inc_3 > 42)"
51002,"(inc_3 > 21.2 & umid_min_1 > 51.8 & umid_max_3 <= 84.9) | (inc_3 > 21.2 & umid_min_1 > 51.8 & umid_max_3 > 84.9) | (inc_3 <= 21.2 & inc_3 > 0 & umid_min_1 > 53.1)"
51006,"(temp_min_3 > 24 & inc_3 > 5.9)"
51001,"(inc_3 > 31.6) | (temp_max_3 <= 25.1 & inc_3 > 1.7) | (temp_max_3 <= 25.1 & inc_3 <= 1.7) | (temp_max_3 > 25.1 & temp_min_1 > 23.1 & inc_3 > 23.9) | (temp_max_3 > 25.1 & temp_min_1 <= 23.1)"
51013,"(umid_min_1 > 44.6)"
51004,"(temp_min_1 > 22.9)"
51005,"(inc_3 > 11.2)"
51011,"(inc_3 > 104.6) | (inc_3 <= 104.6 & umid_min_1 > 47.4 & inc_3 > 11.4)"
51007,"(umid_max_1 > 97.4)"
51008,"(umid_max_3 <= 96.4 & inc_3 > 0) | (umid_max_3 <= 96.4 & inc_3 <= 0 & umid_min_2 > 65.6) | (umid_max_3 > 96.4)"
51012,"(umid_min_2 > 62.9 & inc_3 > 10.7 & temp_max_3 <= 28.9) | (umid_min_2 > 62.9 & inc_3 <= 10.7 & temp_min_2 > 26) | (umid_min_2 > 62.9 & inc_3 > 10.7 & temp_max_3 > 28.9) | (umid_min_2 <= 62.9 & umid_min_1 > 52.3 & inc_3 > 29)"
51003,"(inc_3 <= 68 & umid_min_1 > 69 & temp_min_2 > 26.2) | (inc_3 > 68 & umid_min_2 > 65.5) | (inc_3 > 68 & umid_min_2 <= 65.5)"
51014,"(inc_3 > 17)"
51010,"(inc_3 > 243.9)"
51015,"(temp_max_2 <= 27.6 & temp_min_1 <= 22.4 & inc_3 > 8.4) | (temp_max_2 > 27.6 & inc_3 > 0.4 & umid_min_1 > 58.7)"
51016,"(umid_max_1 > 88.2 & inc_3 > 2.5)"
15003,"(inc_3 > 6.3)"
15001,"(inc_3 > 11)"
15002,"(temp_min_1 <= 22.7) | (temp_max_1 > 28.5 & inc_3 > 3.8 & temp_max_2 > 28)"
15012,"(inc_3 > 14.8)"
15006,"(inc_3 > 1.3)"
15010,"(umid_max_3 > 94.2) | (umid_max_3 <= 94.2 & inc_3 > 19.4)"
15004,"(inc_3 > 33.5 & temp_min_1 > 22.9) | (inc_3 <= 33.5 & inc_3 > 7 & temp_max_3 > 30.4)"
25011,"(inc_3 <= 30.2 & inc_3 > 10.1 & temp_min_1 > 25.6) | (inc_3 > 30.2)"
25003,"(inc_3 > 20.5) | (inc_3 <= 20.5 & inc_3 > 2.3)"
25002,"(inc_3 <= 1 & inc_3 > 0.1 & inc_3 <= 0.5) | (inc_3 > 1 & temp_min_3 <= 22.9 & umid_max_2 > 99.3) | (inc_3 > 1 & temp_min_3 > 22.9)"
25015,"(umid_max_3 > 83.8 & inc_3 > 0 & temp_min_1 > 26.4) | (umid_max_3 > 83.8 & inc_3 <= 0 & umid_min_1 > 80.3) | (umid_max_3 > 83.8 & inc_3 > 0 & temp_min_1 <= 26.4)"
25001,"(inc_3 > 0.5 & temp_max_1 > 30.2 & umid_min_1 > 62.6) | (inc_3 > 0.5 & temp_max_1 > 30.2 & umid_min_1 <= 62.6) | (inc_3 > 0.5 & temp_max_1 <= 30.2)"
25010,"(inc_3 > 80.6 & temp_min_1 > 23.3) | (inc_3 <= 80.6 & inc_3 > 4.9 & temp_min_2 > 23.8)"
25016,"(umid_max_3 > 90.9 & temp_max_3 > 30)"
25004,"(umid_max_1 > 95.1) | (umid_max_1 <= 95.1 & umid_max_2 > 93.5)"
25008,"(temp_max_2 > 28.7 & umid_min_3 > 75.4 & umid_max_3 > 98.3) | (temp_max_2 <= 28.7 & temp_min_3 > 22.9 & temp_max_1 > 29.7) | (temp_max_2 > 28.7 & umid_min_3 <= 75.4)"
25013,"(inc_3 > 22 & temp_max_2 > 36.6) | (inc_3 <= 22 & inc_3 > 2.9 & temp_max_1 > 37.4) | (inc_3 > 22 & temp_max_2 <= 36.6 & umid_max_1 > 95) | (inc_3 > 22 & temp_max_2 <= 36.6 & umid_max_1 <= 95)"
26010,"(umid_max_3 > 94.1 & inc_3 > 197.8) | (umid_max_3 <= 94.1 & temp_min_2 > 27) | (umid_max_3 > 94.1 & inc_3 <= 197.8)"
26001,"(inc_3 > 8 & temp_max_1 > 28.9 & umid_max_1 <= 78.7) | (inc_3 > 8 & temp_max_1 > 28.9 & umid_max_1 > 78.7) | (inc_3 > 8 & temp_max_1 <= 28.9)"
26009,"(inc_3 > 17.2)"
26003,"(inc_3 > 17.8) | (inc_3 <= 17.8 & inc_3 > 0)"
26008,"(inc_3 > 23.5) | (inc_3 <= 23.5 & inc_3 > 5.2 & temp_max_3 > 30.2)"
26004,"(umid_max_2 > 96.6) | (umid_max_2 <= 96.6 & inc_3 <= 5.9 & umid_max_1 > 96.6) | (umid_max_2 <= 96.6 & inc_3 > 5.9)"
26005,"(inc_3 > 11.9 & umid_min_1 <= 30.3) | (inc_3 > 11.9 & umid_min_1 > 30.3)"
26007,"(umid_max_1 > 96.6 & temp_max_3 <= 31.9) | (umid_max_1 <= 96.6 & umid_max_1 > 92.5 & temp_min_3 <= 23.1)"
26002,"(inc_3 > 17.4) | (inc_3 <= 17.4 & umid_max_2 > 93.4)"
26011,"(inc_3 > 19.6 & umid_min_1 <= 55.3 & umid_max_2 <= 80) | (inc_3 > 19.6 & umid_min_1 <= 55.3 & umid_max_2 > 80) | (inc_3 > 19.6 & umid_min_1 > 55.3) | (inc_3 <= 19.6 & inc_3 > 1.2 & temp_max_2 > 28.8)"
26012,"(inc_3 > 0 & temp_min_2 <= 21.7)"
26006,"(inc_3 > 1.3) | (inc_3 <= 1.3 & inc_3 > 0.7)"
22004,"(inc_3 > 31.4 & temp_min_2 > 20 & umid_min_1 > 47.3) | (inc_3 > 31.4 & temp_min_2 <= 20 & temp_min_3 > 20.1) | (inc_3 <= 31.4 & inc_3 > 0 & temp_min_2 > 20.3) | (inc_3 > 31.4 & temp_min_2 > 20 & umid_min_1 <= 47.3)"
22005,"(temp_max_3 > 27.5 & inc_3 > 39.5 & temp_min_1 > 18.7) | (temp_max_3 > 27.5 & inc_3 <= 39.5 & inc_3 > 3.1) | (temp_max_3 <= 27.5 & temp_max_1 > 26 & umid_min_1 > 49.7)"
41018,"(inc_3 > 26.7 & temp_max_3 > 27.8 & umid_min_1 > 62.5) | (inc_3 > 26.7 & temp_max_3 > 27.8 & umid_min_1 <= 62.5) | (inc_3 > 26.7 & temp_max_3 <= 27.8 & temp_max_1 > 24.1) | (inc_3 <= 26.7 & inc_3 > 0 & temp_min_3 > 18.5)"
41011,"(inc_3 > 80.8 & temp_min_1 > 19.5 & temp_min_3 > 22.2) | (inc_3 > 80.8 & temp_min_1 > 19.5 & temp_min_3 <= 22.2) | (inc_3 <= 80.8 & inc_3 > 11.2 & temp_min_2 > 20.2) | (inc_3 > 80.8 & temp_min_1 <= 19.5 & umid_min_3 > 53.9)"
41012,"(temp_min_3 > 19.5 & umid_max_3 > 95.7) | (temp_min_3 <= 19.5 & temp_max_2 > 26.6 & umid_min_2 > 57.3) | (temp_min_3 > 19.5 & umid_max_3 <= 95.7 & inc_3 > 0)"
41014,"(inc_3 > 59 & temp_max_1 > 29.3 & temp_max_3 > 27.4) | (inc_3 > 59 & temp_max_1 <= 29.3 & temp_max_3 > 28.7) | (inc_3 <= 59 & inc_3 > 7 & temp_max_2 > 27.9) | (inc_3 > 59 & temp_max_1 <= 29.3 & temp_max_3 <= 28.7)"
41017,"(inc_3 > 29.2 & temp_max_3 > 27.6 & umid_min_1 > 64.9) | (inc_3 > 29.2 & temp_max_3 > 27.6 & umid_min_1 <= 64.9) | (inc_3 > 29.2 & temp_max_3 <= 27.6 & umid_min_3 > 59.7) | (inc_3 <= 29.2 & inc_3 > 0.9 & temp_min_3 > 20.9)"
41008,"(temp_min_3 > 19.3 & umid_max_3 > 89.4 & inc_3 > 9.6) | (temp_min_3 <= 19.3 & inc_3 > 10 & temp_min_1 > 19.7)"
41010,"(inc_3 > 17.9 & temp_min_2 > 14.6) | (inc_3 > 17.9 & temp_min_2 <= 14.6 & temp_min_1 > 13.5) | (inc_3 <= 17.9 & inc_3 > 3.2 & temp_min_2 > 18.8)"
41015,"(inc_3 > 14.1 & temp_min_2 > 19.3)"
41001,"(inc_3 > 56 & temp_max_3 > 27.7 & umid_max_1 > 79) | (inc_3 > 56 & temp_max_3 <= 27.7 & umid_min_3 > 59.7) | (inc_3 <= 56 & inc_3 > 0.7 & temp_min_2 > 19.5) | (inc_3 > 56 & temp_max_3 > 27.7 & umid_max_1 <= 79)"
41016,"(inc_3 > 27.9 & umid_min_1 > 65.4 & temp_max_1 > 28.1) | (inc_3 > 27.9 & umid_min_1 > 65.4 & temp_max_1 <= 28.1) | (inc_3 > 27.9 & umid_min_1 <= 65.4 & umid_min_3 > 61.2) | (inc_3 <= 27.9 & inc_3 > 0 & temp_min_3 > 20.3) | (inc_3 > 27.9 & umid_min_1 <= 65.4 & umid_min_3 <= 61.2)"
41020,"(inc_3 > 17.9 & temp_min_1 > 18.1 & umid_max_1 > 84.4)"
41019,"(temp_max_3 > 27.7 & umid_min_3 <= 48.9 & inc_3 > 111.7) | (temp_max_3 > 27.7 & umid_min_3 > 48.9) | (temp_max_3 <= 27.7 & temp_max_3 > 23.8 & umid_min_3 > 61.1)"
41013,"(inc_3 > 14 & temp_min_2 > 21)"
41009,"(temp_min_1 > 22.2 & inc_3 > 11) | (temp_min_1 > 22.2 & inc_3 <= 11 & inc_3 > 1.9) | (temp_min_1 <= 22.2 & inc_3 > 10.6 & temp_min_1 > 18.6)"
33001,"(temp_max_3 > 27.4 & inc_3 > 15.5 & temp_min_3 > 22.1) | (temp_max_3 > 27.4 & inc_3 > 15.5 & temp_min_3 <= 22.1) | (temp_max_3 > 27.4 & inc_3 <= 15.5 & inc_3 > 3.7)"
33007,"(temp_min_3 > 21 & inc_3 > 17.4 & temp_min_1 > 21.9) | (temp_min_3 <= 21 & inc_3 > 30.8 & temp_min_1 > 18.9) | (temp_min_3 > 21 & inc_3 > 17.4 & temp_min_1 <= 21.9) | (temp_min_3 > 21 & inc_3 <= 17.4 & inc_3 > 2.3)"
33002,"(inc_3 > 20.9 & temp_max_1 > 28) | (inc_3 <= 20.9 & inc_3 > 2.3 & temp_max_1 > 31) | (inc_3 > 20.9 & temp_max_1 <= 28) | (inc_3 <= 20.9 & inc_3 > 2.3 & temp_max_1 <= 31)"
33003,"(temp_max_2 > 30.1 & umid_min_2 > 56.9 & temp_max_3 > 32.4) | (temp_max_2 <= 30.1 & inc_3 > 18.1 & temp_min_1 > 22.4) | (temp_max_2 > 30.1 & umid_min_2 > 56.9 & temp_max_3 <= 32.4)"
33004,"(inc_3 > 18.6 & temp_min_3 > 24.3) | (inc_3 > 18.6 & temp_min_3 <= 24.3 & temp_min_3 > 23) | (inc_3 <= 18.6 & inc_3 > 2.2 & temp_min_3 > 23.5)"
33005,"(inc_3 > 30.7) | (inc_3 <= 30.7 & inc_3 > 9.2)"
33009,"(inc_3 > 8 & temp_min_3 <= 22.9 & inc_3 > 450.9) | (inc_3 > 8 & temp_min_3 > 22.9) | (inc_3 <= 8 & umid_max_1 > 96.3 & temp_min_1 > 24.1)"
33008,"(umid_max_1 > 99.1 & umid_max_2 > 98.7) | (umid_max_1 <= 99.1 & umid_max_1 > 91 & temp_min_1 > 25.4)"
33006,"(inc_3 > 16.2 & temp_min_2 > 23.9) | (inc_3 <= 16.2 & inc_3 > 2.3 & temp_min_3 > 23.9) | (inc_3 > 16.2 & temp_min_2 <= 23.9)"
24004,"(inc_3 > 44.5 & temp_min_3 > 23.2 & umid_min_1 > 57.5) | (inc_3 > 44.5 & temp_min_3 > 23.2 & umid_min_1 <= 57.5)"
24008,"(umid_min_1 > 61.4 & umid_max_3 <= 96.4 & inc_3 > 173.5) | (umid_min_1 > 61.4 & umid_max_3 > 96.4)"
24003,"(inc_3 > 9.1) | (inc_3 <= 9.1 & umid_min_1 > 79)"
24002,"(umid_max_1 > 97.4)"
24001,"(umid_min_2 > 77.9 & temp_min_3 <= 23.3) | (umid_min_2 <= 77.9 & inc_3 > 11.6)"
24005,"(umid_max_1 > 94)"
24007,"(umid_max_3 > 95.3 & temp_min_1 > 24.8)"
11005,"(inc_3 > 10.9 & temp_min_1 > 14.9) | (inc_3 <= 10.9 & inc_3 > 0.7 & temp_max_3 > 31.1) | (inc_3 <= 10.9 & inc_3 > 0.7 & temp_max_3 <= 31.1)"
11001,"(inc_3 <= 12.1 & inc_3 > 1.4 & temp_max_3 > 31.1) | (inc_3 > 12.1 & temp_min_1 > 17.5) | (inc_3 > 12.1 & temp_min_1 <= 17.5 & temp_min_2 > 17) | (inc_3 <= 12.1 & inc_3 > 1.4 & temp_max_3 <= 31.1) | (inc_3 <= 12.1 & inc_3 <= 1.4 & temp_max_1 > 31.3)"
11006,"(inc_3 > 4.7 & temp_max_2 > 25.1 & inc_3 <= 497.8) | (inc_3 > 4.7 & temp_max_2 > 25.1 & inc_3 > 497.8) | (inc_3 <= 4.7 & inc_3 > 0) | (inc_3 <= 4.7 & inc_3 <= 0 & temp_max_1 > 32)"
11002,"(inc_3 > 13.6 & temp_max_3 > 27) | (inc_3 > 13.6 & temp_max_3 <= 27 & temp_min_1 > 18.4) | (inc_3 <= 13.6 & inc_3 > 0.6 & umid_max_2 <= 85.3)"
11007,"(inc_3 <= 3.5 & inc_3 > 0.9 & temp_max_1 > 29.1) | (inc_3 > 3.5 & temp_max_3 > 24.4)"
11004,"(inc_3 > 1.4 & inc_3 > 142.3) | (inc_3 > 1.4 & inc_3 <= 142.3)"
11003,"(inc_3 > 7.4 & umid_min_3 > 65.5) | (inc_3 > 7.4 & umid_min_3 <= 65.5)"
14001,"(inc_3 > 20.9 & temp_min_2 <= 22.4) | (inc_3 <= 20.9 & inc_3 > 8.6 & umid_min_2 > 73.1) | (inc_3 > 20.9 & temp_min_2 > 22.4)"
43010,"(inc_3 > 59) | (inc_3 <= 59 & inc_3 > 1.9)"
43007,"(temp_min_2 <= 21.8 & inc_3 > 82.3 & temp_min_2 > 20.7) | (temp_min_2 > 21.8 & umid_max_2 > 77.4) | (temp_min_2 > 21.8 & umid_max_2 <= 77.4 & umid_min_1 > 70.6)"
43006,"(inc_3 > 53.9 & temp_max_1 > 29.8 & umid_min_1 > 50.4) | (inc_3 > 53.9 & temp_max_1 <= 29.8 & temp_max_2 > 32.2) | (inc_3 > 53.9 & temp_max_1 > 29.8 & umid_min_1 <= 50.4) | (inc_3 > 53.9 & temp_max_1 <= 29.8 & temp_max_2 <= 32.2) | (inc_3 <= 53.9 & inc_3 > 37.7)"
42011,"(inc_3 > 16.8 & temp_max_2 > 29.2) | (inc_3 > 16.8 & temp_max_2 <= 29.2 & temp_max_3 > 28) | (inc_3 <= 16.8 & inc_3 > 13.1) | (inc_3 > 16.8 & temp_max_2 <= 29.2 & temp_max_3 <= 28)"
42005,"(inc_3 > 27.5 & temp_max_2 > 27.3) | (inc_3 <= 27.5 & temp_min_1 > 20.8)"
28001,"(inc_3 > 6.1 & temp_max_2 > 29.3) | (inc_3 > 6.1 & temp_max_2 <= 29.3 & temp_max_3 > 29) | (inc_3 <= 6.1 & inc_3 > 0 & umid_max_3 > 99.1)"
28002,"(temp_max_3 <= 28.1 & inc_3 > 2.9 & temp_min_1 > 23.6) | (temp_max_3 > 28.1 & umid_min_3 > 56.8) | (temp_max_3 > 28.1 & umid_min_3 <= 56.8 & temp_max_2 > 31)"
28005,"(inc_3 > 6.4 & temp_max_1 <= 26.7 & temp_max_3 > 29.3) | (inc_3 > 6.4 & temp_max_1 > 26.7)"
28004,"(inc_3 > 9.8 & temp_min_1 > 20 & temp_min_3 > 22.3) | (inc_3 <= 9.8 & inc_3 > 0 & umid_min_2 > 74) | (inc_3 > 9.8 & temp_min_1 > 20 & temp_min_3 <= 22.3)"
35091,"(umid_max_1 <= 80.8 & inc_3 > 38.1 & temp_max_1 > 30.9) | (umid_max_1 > 80.8 & temp_max_1 > 26.6 & temp_min_1 > 18.7)"
35156,"(inc_3 > 6.2 & temp_max_3 > 30.3) | (inc_3 > 6.2 & temp_max_3 <= 30.3)"
35142,"(inc_3 > 0.8 & temp_max_3 > 27.6 & umid_max_3 > 69) | (inc_3 <= 0.8 & temp_max_1 > 26.3 & umid_min_3 > 79.4) | (inc_3 > 0.8 & temp_max_3 <= 27.6 & temp_min_3 > 19.9)"
35074,"(temp_max_2 > 26.9 & inc_3 > 17.9 & temp_min_3 > 18) | (temp_max_2 <= 26.9 & temp_max_1 > 26.5 & umid_max_1 > 95.9) | (temp_max_2 > 26.9 & inc_3 <= 17.9 & inc_3 > 5.3) | (temp_max_2 > 26.9 & inc_3 > 17.9 & temp_min_3 <= 18)"
35103,"(inc_3 > 50.2 & temp_max_2 > 28 & umid_max_2 > 72.6) | (inc_3 > 50.2 & temp_max_2 <= 28 & temp_min_1 > 23.7) | (inc_3 <= 50.2 & inc_3 > 10.5 & temp_min_1 > 22.6) | (inc_3 > 50.2 & temp_max_2 > 28 & umid_max_2 <= 72.6)"
35062,"(inc_3 <= 0 & temp_max_1 > 31.8 & temp_max_1 <= 32.1) | (inc_3 > 0 & temp_max_1 > 28 & temp_max_3 > 30.1) | (inc_3 > 0 & temp_max_1 <= 28 & temp_max_2 > 28.2) | (inc_3 > 0 & temp_max_1 > 28 & temp_max_3 <= 30.1)"
35161,"(temp_min_3 > 18.5 & inc_3 > 17 & temp_min_2 > 19.2) | (temp_min_3 > 18.5 & inc_3 > 17 & temp_min_2 <= 19.2) | (temp_min_3 > 18.5 & inc_3 <= 17 & inc_3 > 7.3)"
35112,"(inc_3 > 13.4 & umid_max_1 > 94.1 & umid_min_3 > 48.1) | (inc_3 <= 13.4 & temp_max_1 > 33.4 & umid_min_1 > 38.2) | (inc_3 > 13.4 & umid_max_1 <= 94.1 & temp_max_1 > 26.5)"
35051,"(inc_3 > 14.6 & temp_max_2 > 31.5 & inc_3 > 98.4) | (inc_3 <= 14.6 & umid_max_1 > 98.8 & temp_min_1 > 21.2) | (inc_3 > 14.6 & temp_max_2 > 31.5 & inc_3 <= 98.4) | (inc_3 > 14.6 & temp_max_2 <= 31.5 & umid_max_3 > 89.4)"
35133,"(inc_3 > 30.3 & temp_min_1 > 21.3 & umid_max_1 > 76.6) | (inc_3 > 30.3 & temp_min_1 > 21.3 & umid_max_1 <= 76.6) | (inc_3 > 30.3 & temp_min_1 <= 21.3 & temp_min_3 > 20.8)"
35023,"(inc_3 > 46.1 & temp_min_2 > 23.7) | (inc_3 > 46.1 & temp_min_2 <= 23.7) | (inc_3 <= 46.1 & inc_3 > 1.4 & temp_min_3 > 22.5)"
35163,"(inc_3 > 43.6 & temp_min_1 > 18.6 & temp_max_2 > 29.9) | (inc_3 > 43.6 & temp_min_1 <= 18.6 & temp_max_1 > 29.4) | (inc_3 > 43.6 & temp_min_1 > 18.6 & temp_max_2 <= 29.9) | (inc_3 <= 43.6 & inc_3 > 0 & temp_min_1 > 19.7)"
35157,"(inc_3 > 72.2 & temp_max_3 > 29.3) | (inc_3 > 72.2 & temp_max_3 <= 29.3 & temp_min_1 > 21.1) | (inc_3 <= 72.2 & inc_3 > 6.1 & temp_min_1 > 21.4)"
35093,"(temp_min_1 > 22.3 & inc_3 > 37.3) | (temp_min_1 > 22.3 & inc_3 <= 37.3 & inc_3 > 0)"
35072,"(inc_3 > 30.9 & temp_min_2 > 22.4) | (inc_3 > 30.9 & temp_min_2 <= 22.4) | (inc_3 <= 30.9 & umid_max_1 > 96.3)"
35031,"(inc_3 > 8.6 & temp_max_2 > 28.8) | (inc_3 > 8.6 & temp_max_2 <= 28.8 & umid_min_3 > 77.6)"
35104,"(temp_min_3 > 21.3 & inc_3 > 22.9 & temp_max_2 > 26.4) | (temp_min_3 <= 21.3 & temp_max_3 > 29 & inc_3 > 18.3) | (temp_min_3 > 21.3 & inc_3 <= 22.9 & temp_min_2 > 29.8)"
35022,"(inc_3 > 36 & temp_max_3 > 31.1) | (inc_3 <= 36 & umid_max_1 > 94.9 & temp_max_1 > 25.3) | (inc_3 > 36 & temp_max_3 <= 31.1 & temp_max_2 > 29.5)"
35063,"(temp_min_3 > 17.6 & inc_3 > 3.5 & umid_min_3 <= 62.1) | (temp_min_3 > 17.6 & inc_3 > 3.5 & umid_min_3 > 62.1)"
35172,"(inc_3 > 20 & temp_min_1 > 20.3 & temp_max_2 > 31.7) | (inc_3 > 20 & temp_min_1 > 20.3 & temp_max_2 <= 31.7) | (inc_3 <= 20 & inc_3 <= 3.8 & temp_min_2 > 29.1)"
35153,"(inc_3 > 16.7 & temp_min_3 > 18.4) | (inc_3 <= 16.7 & inc_3 > 0.6 & temp_min_3 > 19)"
35021,"(inc_3 > 45.6 & temp_max_1 > 29.3 & temp_min_2 > 20.9) | (inc_3 <= 45.6 & inc_3 > 23.1 & umid_max_1 > 91.4) | (inc_3 > 45.6 & temp_max_1 <= 29.3 & temp_max_2 > 29.3) | (inc_3 > 45.6 & temp_max_1 > 29.3 & temp_min_2 <= 20.9)"
35083,"(inc_3 > 12.1 & umid_max_2 > 84.7 & temp_max_2 > 28.9) | (inc_3 <= 12.1 & inc_3 > 2.8 & temp_max_3 > 29.5) | (inc_3 > 12.1 & umid_max_2 <= 84.7) | (inc_3 > 12.1 & umid_max_2 > 84.7 & temp_max_2 <= 28.9)"
35101,"(temp_min_2 > 21 & inc_3 > 11.4 & temp_max_1 > 28.3) | (temp_min_2 > 21 & inc_3 > 11.4 & temp_max_1 <= 28.3) | (temp_min_2 <= 21 & temp_max_1 <= 24.3 & inc_3 > 161.4) | (temp_min_2 <= 21 & temp_max_1 > 24.3 & temp_min_2 > 15.9)"
35095,"(inc_3 > 9.1 & temp_max_2 > 29.6) | (inc_3 > 9.1 & temp_max_2 <= 29.6 & temp_max_1 > 25.6)"
35151,"(temp_max_1 > 25 & temp_min_3 > 19.6 & inc_3 > 5.6) | (temp_max_1 > 25 & temp_min_3 <= 19.6 & temp_min_1 > 22.1)"
35011,"(inc_3 > 127.2) | (inc_3 <= 127.2 & inc_3 > 1.3 & temp_max_2 > 29.3)"
35092,"(inc_3 > 26.5 & umid_max_1 > 72.6 & temp_max_1 > 28.1) | (inc_3 <= 26.5 & inc_3 > 0 & temp_max_3 > 29.7) | (inc_3 > 26.5 & umid_max_1 > 72.6 & temp_max_1 <= 28.1)"
35071,"(temp_min_1 > 18.9 & inc_3 > 6.1 & umid_min_3 <= 64.4) | (temp_min_1 > 18.9 & inc_3 <= 6.1 & temp_max_1 > 33.4) | (temp_min_1 > 18.9 & inc_3 > 6.1 & umid_min_3 > 64.4)"
35155,"(inc_3 > 18.6 & temp_max_1 > 29.6) | (inc_3 > 18.6 & temp_max_1 <= 29.6)"
35064,"(inc_3 > 6 & temp_min_1 > 17.4 & temp_max_3 > 27.3) | (inc_3 <= 6 & temp_min_1 > 21.6) | (inc_3 > 6 & temp_min_1 > 17.4 & temp_max_3 <= 27.3)"
35121,"(inc_3 > 14.9 & temp_min_1 > 18.1) | (inc_3 <= 14.9 & inc_3 > 0.1 & temp_min_3 > 19.7)"
35131,"(inc_3 > 19.7 & temp_min_1 > 20.2) | (inc_3 <= 19.7 & inc_3 > 6.6 & temp_min_1 > 19.6) | (inc_3 > 19.7 & temp_min_1 <= 20.2 & temp_min_1 > 16.9) | (inc_3 > 19.7 & temp_min_1 <= 20.2 & temp_min_1 <= 16.9)"
35014,"(umid_max_2 > 79.6 & temp_min_2 > 22.3 & temp_max_1 > 31) | (umid_max_2 > 79.6 & temp_min_2 > 22.3 & temp_max_1 <= 31) | (umid_max_2 > 79.6 & temp_min_2 <= 22.3 & temp_min_3 > 22.4) | (umid_max_2 <= 79.6 & temp_max_2 > 32)"
35052,"(temp_max_3 > 26.8 & inc_3 > 11.8 & temp_min_1 > 19.1) | (temp_max_3 > 26.8 & inc_3 > 11.8 & temp_min_1 <= 19.1) | (temp_max_3 > 26.8 & inc_3 <= 11.8 & inc_3 > 3.4)"
35094,"(inc_3 > 6.8 & temp_max_1 > 27.9 & umid_max_1 > 90.1) | (inc_3 > 6.8 & temp_max_1 > 27.9 & umid_max_1 <= 90.1)"
35041,"(inc_3 > 2.1 & temp_min_2 > 18.8) | (inc_3 <= 2.1 & temp_min_2 > 20.1 & inc_3 > 0.3) | (inc_3 > 2.1 & temp_min_2 <= 18.8 & temp_max_1 > 31)"
35032,"(inc_3 <= 24.4 & inc_3 > 1.2 & umid_max_2 > 85.7) | (inc_3 > 24.4)"
35073,"(temp_min_2 > 18.8 & temp_max_1 > 24.2 & umid_min_1 > 52) | (temp_min_2 > 18.8 & temp_max_1 <= 24.2 & inc_3 > 62)"
35171,"(temp_min_3 <= 18.3 & inc_3 > 64.8 & temp_min_2 > 18.9) | (temp_min_3 > 18.3 & temp_max_3 > 28.9 & inc_3 > 20.3)"
35143,"(inc_3 > 3.3 & temp_min_1 > 18.3) | (inc_3 <= 3.3 & inc_3 > 1.6 & temp_max_3 > 30.6)"
35065,"(inc_3 > 13.6 & temp_min_1 > 18.1 & umid_max_2 > 85.1) | (inc_3 > 13.6 & temp_min_1 > 18.1 & umid_max_2 <= 85.1)"
35012,"(temp_min_3 > 19.2)"
35114,"(inc_3 <= 26.5 & inc_3 > 2.9 & temp_max_2 > 34.6) | (inc_3 > 26.5 & temp_max_2 > 30.8) | (inc_3 > 26.5 & temp_max_2 <= 30.8) | (inc_3 <= 26.5 & inc_3 <= 2.9 & temp_min_2 > 26.2)"
35174,"(inc_3 > 4.2 & temp_max_3 > 26.9 & umid_max_3 <= 87) | (inc_3 > 4.2 & temp_max_3 <= 26.9 & temp_max_2 > 27.9) | (inc_3 > 4.2 & temp_max_3 > 26.9 & umid_max_3 > 87) | (inc_3 <= 4.2 & temp_min_2 > 17.2 & inc_3 > 2.1)"
35033,"(temp_min_2 > 21.8 & umid_max_2 > 71.9 & inc_3 > 48)"
35173,"(temp_min_2 > 22.3 & inc_3 > 71.3 & temp_max_2 > 30.2) | (temp_min_2 <= 22.3 & inc_3 > 78.1 & umid_max_2 <= 65) | (temp_min_2 > 22.3 & inc_3 > 71.3 & temp_max_2 <= 30.2) | (temp_min_2 > 22.3 & inc_3 <= 71.3 & umid_max_2 > 77.2)"
35102,"(inc_3 > 85.8 & temp_min_1 > 19.1) | (inc_3 <= 85.8 & inc_3 > 10.9 & temp_min_3 > 20.8)"
35013,"(inc_3 > 21.1 & temp_min_1 > 29.3) | (inc_3 <= 21.1 & temp_min_2 <= 29.8 & temp_min_3 > 28.8) | (inc_3 <= 21.1 & temp_min_2 > 29.8) | (inc_3 > 21.1 & temp_min_1 <= 29.3)"
35132,"(inc_3 > 40.1 & temp_max_1 > 30.5) | (inc_3 <= 40.1 & inc_3 > 16.7 & temp_max_1 > 30.3) | (inc_3 > 40.1 & temp_max_1 <= 30.5)"
35081,"(temp_min_1 > 21.5 & temp_max_1 > 30.5) | (temp_min_1 <= 21.5 & temp_min_3 > 17.3 & inc_3 > 42.5)"
35034,"(temp_max_1 > 27.5)"
35015,"(temp_min_1 > 16.9 & umid_max_1 > 86.9 & temp_min_2 > 17.8)"
35111,"(inc_3 > 0)"
35154,"(inc_3 > 0 & umid_min_1 <= 40.8 & inc_3 > 250.9) | (inc_3 > 0 & umid_min_1 > 40.8)"
35115,"(inc_3 > 19.6)"
35113,NA
35082,NA
35141,NA
35152,NA
35016,NA
17007,NA
17006,NA
17001,NA
